,road_id,vehicles,speed,congestion,length_km,flow,density,speed_index
road_id,1.0,-0.14171181028782937,0.17486926763747765,0.0034113286888112714,-0.0037075450262690074,-0.14171181028782937,-0.031746240000138745,0.16745142926803813
vehicles,-0.14171181028782937,1.0,-0.07160511596872854,-0.26703071393672,-0.298144522373607,1.0,0.8516989470710807,-0.6497733604083631
speed,0.17486926763747765,-0.07160511596872854,1.0,-0.014850647399150292,-0.006034507705311976,-0.07160511596872854,-0.1153039966578411,0.04669760689280868
congestion,0.0034113286888112714,-0.26703071393672,-0.014850647399150292,1.0,-0.10534278514249734,-0.26703071393672007,-0.17675687172393592,0.02981334817879786
length_km,-0.0037075450262690074,-0.298144522373607,-0.006034507705311976,-0.10534278514249734,1.0,-0.298144522373607,-0.6612780279773385,0.7843351162962364
flow,-0.14171181028782937,1.0,-0.07160511596872854,-0.26703071393672007,-0.298144522373607,1.0,0.8516989470710807,-0.6497733604083631
density,-0.031746240000138745,0.8516989470710807,-0.1153039966578411,-0.17675687172393592,-0.6612780279773385,0.8516989470710807,1.0,-0.7464473444921382
speed_index,0.16745142926803813,-0.6497733604083631,0.04669760689280868,0.02981334817879786,0.7843351162962364,-0.6497733604083631,-0.7464473444921382,1.0
