region,flow,speed,density
BW,-0.33200552265032085,0.0017637519820445924,-0.2898113914833733
BY,0.3043383957627939,-0.001616772650207247,0.26566044219309215
